{
    "predicted_noi_next12": 1703966.3198586593,
    "institutional_underwriting": {
        "summary": {
            "loan_amount": 16250000.0,
            "equity_required": 8750000.0,
            "exit_value": 18652475.65292308,
            "selling_costs": 373049.51305846166,
            "remaining_loan_balance_at_sale": 9943721.748015909,
            "net_sale_proceeds": 8335704.391848711,
            "irr": -0.1473395509910557,
            "cash_on_cash_year1": 0.0025714285714285713,
            "min_dscr": 0.6877262121507394
        },
        "schedule": [
            {
                "year": 1,
                "occupancy": 0.95,
                "gross_rent": 2200000.0,
                "effective_rent": 2090000.0,
                "opex": 450000.0,
                "taxes": 500000.0,
                "insurance": 60000.0,
                "capex_reserve": 31250.0,
                "replacement_capex": 18750.0,
                "value_add_capex": 0.0,
                "noi": 1030000.0,
                "debt_service": 1007500.0,
                "cash_flow": 22500.0,
                "dscr": 1.022332506203474,
                "debt_rate": 0.062,
                "loan_balance_end_year": 16250000.0
            },
            {
                "year": 2,
                "occupancy": 0.87,
                "gross_rent": 2266000.0,
                "effective_rent": 1971420.0,
                "opex": 463500.0,
                "taxes": 515000.0,
                "insurance": 62400.0,
                "capex_reserve": 31250.0,
                "replacement_capex": 18750.0,
                "value_add_capex": 250000.0,
                "noi": 880520.0,
                "debt_service": 1280335.0874853714,
                "cash_flow": -649815.0874853714,
                "dscr": 0.6877262121507394,
                "debt_rate": 0.062,
                "loan_balance_end_year": 15969276.758654604
            },
            {
                "year": 3,
                "occupancy": 0.9199999999999999,
                "gross_rent": 2333980.0,
                "effective_rent": 2147261.5999999996,
                "opex": 477405.0,
                "taxes": 530450.0,
                "insurance": 64896.00000000001,
                "capex_reserve": 31250.0,
                "replacement_capex": 18750.0,
                "value_add_capex": 150000.0,
                "noi": 1024510.5999999996,
                "debt_service": 1466495.8358121896,
                "cash_flow": -591985.23581219,
                "dscr": 0.6986113257066255,
                "debt_rate": 0.077,
                "loan_balance_end_year": 15786195.155584753,
                "refi_value": 15761701.538461532,
                "refi_new_loan": 10245105.999999996,
                "refi_payoff": 15786195.155584753,
                "refi_cost": 102451.05999999997,
                "refi_cash_out": -5643540.215584756
            },
            {
                "year": 4,
                "occupancy": 0.97,
                "gross_rent": 2403999.4,
                "effective_rent": 2331879.418,
                "opex": 491727.15,
                "taxes": 546363.5,
                "insurance": 67491.84000000001,
                "capex_reserve": 31250.0,
                "replacement_capex": 18750.0,
                "value_add_capex": 0.0,
                "noi": 1176296.928,
                "debt_service": 908525.1539519734,
                "cash_flow": 267771.77404802665,
                "dscr": 1.2947323724425814,
                "debt_rate": 0.075,
                "loan_balance_end_year": 10100044.619970614
            },
            {
                "year": 5,
                "occupancy": 0.97,
                "gross_rent": 2476119.382,
                "effective_rent": 2401835.80054,
                "opex": 506478.96450000006,
                "taxes": 562754.405,
                "insurance": 70191.5136,
                "capex_reserve": 31250.0,
                "replacement_capex": 18750.0,
                "value_add_capex": 0.0,
                "noi": 1212410.9174400002,
                "debt_service": 908525.1539519734,
                "cash_flow": 303885.7634880268,
                "dscr": 1.334482498548511,
                "debt_rate": 0.075,
                "loan_balance_end_year": 9943721.748015909
            }
        ],
        "cash_flows": [
            -8750000.0,
            22500.0,
            -649815.0874853714,
            -6235525.451396946,
            267771.77404802665,
            8639590.155336738
        ]
    }
}
