mae,rmse,r2,model
80632.90081974326,118475.92445421965,0.987164989902794,ridge
128358.95651606386,206847.45832225148,0.9608766189121802,hgb
