mae,rmse,r2,model
52037.120515100985,82839.43435149633,0.9937250502559318,ridge
128358.95651606386,206847.45832225148,0.9608766189121802,hgb
