model,mae,rmse,r2
hgb,128514.09631516664,206964.46500812407,0.9608323448183779
