mae,rmse,r2,model
5000.0,5000.0,,hgb
52726.59301630035,52726.59301630035,,ridge
