model,split,train_n,val_n,mae,rmse,r2
hgb,1,30,26,836518.825,1105911.2892489522,-0.08098916017018132
hgb,2,56,26,464097.90855389927,724394.1921528699,0.7451819312802371
hgb,3,82,26,285986.29773596924,503603.3830210895,0.8506178223070144
hgb,4,108,26,510427.196612825,992530.7160294089,0.41037777460761526
hgb,5,134,26,245668.98570686107,338874.0434444677,0.9352096792725808
