model,mae_mean,mae_std,rmse_mean,rmse_std
hgb,468539.84272191086,234616.7237683147,733062.7247793576,321889.39869967283
